Business_ID,Business_Name,User_ID,Reviewer_Name,Review_Text,Rating,Time_Created,Address
q11TljTQd33XCWlVoPyRqg,The Osprey,MMgdhI98OwqxegvHQWhbNg,Amy W.,"The Osprey is a lovely venue for dinner! I came with a large group (with reservation) and had a family style dinner with a pre-fixed menu. 

To start, the...",5,02-03-2024 09:25,"60 Furman St, Brooklyn, NY 11201"
q11TljTQd33XCWlVoPyRqg,The Osprey,IPX7JX5HfDecVjDjN40HZg,Vanessa C.,"Beautiful restaurant, love the lighting and ambience. Perfect for our date night. Enjoyed a few cocktails together that our wonderful server recc and loved...",5,10-08-2023 07:03,"60 Furman St, Brooklyn, NY 11201"
q11TljTQd33XCWlVoPyRqg,The Osprey,Sr5YKG0V1megX9ZU3DwkDQ,Ben B.,"Visited The Osprey to celebrates small wins and we had such a blast, we kinda forgot to snap pics!

The vibe here is just super laid-back and chill , you...",5,9/19/2023 6:11,"60 Furman St, Brooklyn, NY 11201"
16ZnHpuaaBt92XWeJHCC5A,Olio e Più,OHSgjh1645F43H3nVuBBaw,Katia K.,The food is super delicious! Definitely my new favorite go-to for some great pasta. Everything from the music to the vibes to our epic server Gabriel!...,5,2/14/2024 17:54,"3 Greenwich Ave, New York, NY 10014"
16ZnHpuaaBt92XWeJHCC5A,Olio e Più,HB6EwV37X0R2yuMwwTNfBA,Daniel W.,"Went for restaurant week. Food was very good though portions were a little small. 

Waiter was very nice and accommodating. The ambiance was great. A good...",4,1/16/2024 16:16,"3 Greenwich Ave, New York, NY 10014"
16ZnHpuaaBt92XWeJHCC5A,Olio e Più,cYK5v7a1RpDcln4YlJXB0Q,Ivy L.,"Great pastas, friendly service, and cozy atmosphere. Got the tiramisu, Nutella calzone, and panna cotta for dessert and everything was amazing. Had a great...",5,1/30/2024 17:39,"3 Greenwich Ave, New York, NY 10014"
MGd6HFEq1ALD58XWNviSXw,Time Out Market New York,BLcEQ-dbkZ5vEC1s3a-HEw,Grace S.,We ended up getting Wayla pad see ew and crab fried rice.. amazing!! Best pad see ew I had in my whole entire life!!,5,1/29/2024 2:45,"55 Water St, Brooklyn, NY 11201"
MGd6HFEq1ALD58XWNviSXw,Time Out Market New York,pEtcHIlcAEy0-savirBZyw,Lanette G.,Time Out Market New York is located in the DUMBO district of Manhattan. It is strategically located and has stunning views of Manhattan from the market....,5,2/19/2024 10:01,"55 Water St, Brooklyn, NY 11201"
MGd6HFEq1ALD58XWNviSXw,Time Out Market New York,a-BsclwAFofIIGmve1zYHA,Nadine A.,Explored Timeout Market New York located in DUMBO. What a fantastic spot! Whether you're into diverse culinary experiences or just want to explore new...,5,1/19/2024 20:09,"55 Water St, Brooklyn, NY 11201"
zX8IF7oCbw1HrNaPmOBy-g,FERNS,Z9wUuHnT4yU-yrXCQh4wbg,Phoebe A.,"Absolutely amazing brunch experience! Great food, good atmosphere, and friendly staff - what more can you ask for. 

When my friend and I arrived, it is...",5,1/21/2024 16:38,"166 1st Ave, New York, NY 10009"
zX8IF7oCbw1HrNaPmOBy-g,FERNS,T6q2dnn05XNNemmJKjf_8A,William W.,"Food: ordered a mocktail of cucumber mint collins. It was good, but the ginger taste was too strong...
Service: quick and friendly
Ambiance: atmosphere was...",4,02-03-2024 12:41,"166 1st Ave, New York, NY 10009"
zX8IF7oCbw1HrNaPmOBy-g,FERNS,_y8ksSw807IzB661sc3gdg,Dana M.,"Great place, great service, cute theme. Very small so I could imagine this place gets crowded fast. We came at 11am and had a res but probably wouldn't need...",4,01-06-2024 11:48,"166 1st Ave, New York, NY 10009"
#NAME?,Soothr,QD7UtS9zqLxNPkU_K26ALw,Andrew L.,Gavin was our server. He was super attentive and answer any of our questions if we had any. I love the vibes here. The food here is amazing. We ordered Had...,5,2/19/2024 10:29,"204 E 13th St, New York, NY 10003"
#NAME?,Soothr,yXHcYOhAyzdzdCwQ4vGMDw,Anastasiia F.,"It's my favorite Thai soup place. 
I'm always ordering the same soup, Nam-tok moo (boat noodles). It's the best in New York, I tried to find this soup in...",5,2/25/2024 18:50,"204 E 13th St, New York, NY 10003"
#NAME?,Soothr,z8ez7i6oliiQf7dZ5Ut0YA,Amanda W.,"Had the chance to go here with my three friends after did indeed hearing a lot about this place. Its a long space with seating in the back room as well,...",4,03-02-2024 15:41,"204 E 13th St, New York, NY 10003"
ysqgdbSrezXgVwER2kQWKA,Juliana's,PpxxwGQVss07jMcaEAdh9w,Jojo S.,"Wait line outside 
But when seated great service pizza came out super quick after ordering 
Thin crust pizza",5,2/27/2024 7:55,"19 Old Fulton St, Brooklyn, NY 11201"
ysqgdbSrezXgVwER2kQWKA,Juliana's,CPzqUNDNT0IW_lazno_ygw,Anthony S.,Juliana's Pizza is one of the best pizza places in NY! There is almost always a line to eat at the restaurant and once you've had the pizza you'll...,5,02-06-2024 21:09,"19 Old Fulton St, Brooklyn, NY 11201"
ysqgdbSrezXgVwER2kQWKA,Juliana's,T2653vy_zz4oOSur3n0QeA,Angela E.,Nice restaurant and good location! Amazing spot for pizza! One of the best and very fun tasting menu with a wide variety of pizza flavor. The quality was...,5,02-05-2024 10:26,"19 Old Fulton St, Brooklyn, NY 11201"
47-Zk7oz8-jVS2zvXbZgHQ,Bar 56,VHpy-vjMSJaF18ZRgPI2gA,Jessica C.,"I loved almost everything from my visit to the Bar 56 and I highly recommend it for anyone looking for a delicious dinner in the DUMBO area. For drinks, my...",5,02-11-2024 08:25,"53 Water St, Brooklyn, NY 11201"
47-Zk7oz8-jVS2zvXbZgHQ,Bar 56,-9jBGZXkJC9FTL2M52q1LA,Charles K.,"Lovely diner at Bar 56. Staff were very friendly their wine selection was excellent and the food was delicious and well executed. 

I ordered the $85...",5,02-03-2024 17:25,"53 Water St, Brooklyn, NY 11201"
47-Zk7oz8-jVS2zvXbZgHQ,Bar 56,HDt2ZOQn5IbyM_p_TH2esA,Jasmine D.,"10s across the board! 

I'm so glad my friend suggested this place for a fun Saturday night. The ambiance is warm and inviting. The service was top-notch...",5,1/17/2024 17:26,"53 Water St, Brooklyn, NY 11201"
Me4TxTbPPQZQopW1wOGx5g,Jack's Wife Freda,MHMvMk1YKmblsQdqBXWIaA,Anita W.,Finally got the chance and time to come here. It's a popular brunch spot that everyone talks about all the time and it's been on my list forever but never...,4,03-02-2024 20:25,"226 Lafayette St, New York, NY 10012"
Me4TxTbPPQZQopW1wOGx5g,Jack's Wife Freda,Mns86651U9rWbMpLcGsJug,Lily C.,Great service and always love the foods! My go to item on the menu is definitely the Jack's Breakfast (the green sauce was amazing) and Green Shakshuka....,4,2/26/2024 6:59,"226 Lafayette St, New York, NY 10012"
Me4TxTbPPQZQopW1wOGx5g,Jack's Wife Freda,i2Gw1gQXjO5bIWa-SHSHpQ,Diego D.,"As always, the place was quite packed but its so big that there were still some free tables. It was a bit loud still. The servers were really kind by...",4,2/13/2024 13:35,"226 Lafayette St, New York, NY 10012"
8YWLuLUKj0t_0_Xv06UUtw,Ye's Apothecary,7NFhmVmMaxMcAoUpn4RlZg,Laura W.,"We sat at the bar on Lunar New Year and had a phenomenal time! The drinks and food were amazing, and our bartender, Jake, made great drink recommendations...",5,02-10-2024 16:45,"119 Orchard St, New York, NY 10002"
8YWLuLUKj0t_0_Xv06UUtw,Ye's Apothecary,rFH_sqVyDJ6zPHEh1PFV0g,John P.,Erika gave us amazing service! we love her. The food and drinks were so good and delicious.,5,02-06-2024 17:39,"119 Orchard St, New York, NY 10002"
8YWLuLUKj0t_0_Xv06UUtw,Ye's Apothecary,FXDgseNYEhM_OXrn_vYxZQ,Madelyn R.,"Took my boyfriend here for his birthday and our waitress was so attentive. She remembers small details and added a candle to our dessert. 

The atmosphere...",5,1/17/2024 17:58,"119 Orchard St, New York, NY 10002"
hNFe8WhCibrqT4sFcZmAgw,Kong Sihk Tong 港食堂,2sVHlOiwsbEzqSl34G0j2w,Isabella B.,"I've been coming to this spot a few times and this time around I tried 3 new items added on their menu. 

Those items were Truffle Fries which were extra...",5,03-03-2024 12:55,"65 Bayard St, New York, NY 10013"
hNFe8WhCibrqT4sFcZmAgw,Kong Sihk Tong 港食堂,_xaTg3_NAN7pyos_FWpkuQ,Dana L.,We stopped in for a quick brunch in Chinatown! We got their famous golden lava French toast and their beef chow fun. It was plenty of food for two people at...,5,2/24/2024 9:29,"65 Bayard St, New York, NY 10013"
hNFe8WhCibrqT4sFcZmAgw,Kong Sihk Tong 港食堂,MOuChjZrA2BhJhtbhHJbcQ,Jessica C.,I am glad that I came back for the second time to try this HK style cafe which is located in Manhattan China Town. I was not impressed the first time I...,4,2/20/2024 15:04,"65 Bayard St, New York, NY 10013"
ETgJqJHV7BW6pIr9Ox74sA,Amélie,CidrIcQdthUybLQ8mtDqyQ,Stuart M.,We had the restaurant week dinner.  $45 is generous for the meal. I started with tuna tartar that had other components to give it balance.  My spouse had...,5,1/21/2024 17:33,"22 W 8th St, New York, NY 10011"
ETgJqJHV7BW6pIr9Ox74sA,Amélie,jaVtr5p4gfxHeFg19DOYgg,Liz B.,A cute little restaurant! I came for restaurant week with a friend and we ordered a couple of separate things to share. We were given free bread which was...,4,1/21/2024 11:40,"22 W 8th St, New York, NY 10011"
ETgJqJHV7BW6pIr9Ox74sA,Amélie,w5BnNsJquoRgdlmz3wImjA,Neesh S.,"My wife and sister-in-law have made a yearly tradition of a New York trip and I finally was invited. This was the first stop and man, its worth it. 

First...",5,12/21/2023 22:15,"22 W 8th St, New York, NY 10011"
4aF0F8w7yXX9o5_QFky_ig,Celestine,ok18ZaC0KTEnKPrnEpgCBQ,Nin A.,"I had a lovely time here. Beautiful view and good service. 

The eggplant appetizer was not what I thought it was. I love eggplants and I was expecting more...",4,12-05-2023 19:06,"1 John St, Brooklyn, NY 11201"
4aF0F8w7yXX9o5_QFky_ig,Celestine,nYSfQp2N4AGTefRUHi8veg,Cynthia A.,This was my first time coming in with my family for my dad's birthday. We were running quite late. The staff was super accommodating and allowed me to...,4,11/15/2023 7:43,"1 John St, Brooklyn, NY 11201"
4aF0F8w7yXX9o5_QFky_ig,Celestine,_Icl7_9JGw7s0--9sNqfXw,Aidan O.,"Unfortunately, we were a bit disappointed from our experience at Celestine. We decided to book reservations for this place for our 3 year anniversary due to...",3,10/27/2023 7:06,"1 John St, Brooklyn, NY 11201"
WJS06XxRdc6DD1s4LWE9HA,Fish Cheeks,eRQcmswBXMXtg01ZsRrerw,Sofiya A.,"I don't come to NYC often but when I do, I always come for their baked fish. So good 

Their service is great and the ambience is perfect for a drink in the...",5,2/26/2024 23:19,"55 Bond St, New York, NY 10012"
WJS06XxRdc6DD1s4LWE9HA,Fish Cheeks,dn1gOQSg-LbraOakJrFvzQ,Tiffany W.,"The receptionist pretty much ruined the night, arrogant and so much attitude from the moment we walked in. 
She put me and my husband at a table of 4 a...",2,03-02-2024 18:27,"55 Bond St, New York, NY 10012"
WJS06XxRdc6DD1s4LWE9HA,Fish Cheeks,hyuUhPO2v7AYA23wbK5yHg,Ried S.,"Let's get this out of the way - it's an expensive restaurant for Thai food, but you're also in an trendy area with expensive shops around, so get over it....",4,2/25/2024 9:25,"55 Bond St, New York, NY 10012"
jAaVnUKLITkuhzwXIe0vLQ,Cafe Mogador,pVtA8mLRzlsZQ7J0lB0WWA,Fawn G.,"I've been in a Williamsburg state of mind and two streets have caught my attention: Berry and Wythe.
I wanted to eat breakfast out this morning and decided...",5,02-12-2024 11:34,"133 Wythe Ave, Brooklyn, NY 11211"
jAaVnUKLITkuhzwXIe0vLQ,Cafe Mogador,Sn7tzGMLA3nVNcxXlQWJxQ,Joe C.,"I really enjoyed my Moroccan eggs dish. It was tasty and filling. 

The chicken terrine was great! You can choose between 4 sauces- my wife got the chickpea...",4,2/26/2024 13:08,"133 Wythe Ave, Brooklyn, NY 11211"
jAaVnUKLITkuhzwXIe0vLQ,Cafe Mogador,ARxA_iX9JEVFgjtSr82d3w,Olivia L.,This is a solid brunch spot in Williamsburg. We walked in on Saturday around 1 pm with no reservation and it was packed. We had to wait around 30 min for a...,5,1/25/2024 6:13,"133 Wythe Ave, Brooklyn, NY 11211"
nMyot99PkX5iYCdxHoRJqQ,ARIARI,zdhNAKDVBOUX0Wc8cfnP0Q,Sharon L.,"Totally understand why reservations here fill up so quickly - the food is delicious! I made a reservation for Ariari right when the date opened up on Resy,...",5,02-06-2024 21:46,"119 1st Ave, New York, NY 10003"
nMyot99PkX5iYCdxHoRJqQ,ARIARI,ixIng0vrnEvTUty-qUjS3g,Nicole N.,"Surprisingly, I was able to get a table without a reservation and without much of a wait. They recommended ~2 dishes per person to share, but my party of 3...",5,1/25/2024 17:43,"119 1st Ave, New York, NY 10003"
nMyot99PkX5iYCdxHoRJqQ,ARIARI,vIZLLCw2fjLubsu8nzdxsw,B C.,"portions were tiny but the food was pretty good overall - 

dolsot al bap: not bad but could've skipped on this
scallop diy roll: the best thing out of...",4,1/21/2024 21:36,"119 1st Ave, New York, NY 10003"
fNKYBpQJivICm0ORb3nb_Q,Modern,P7Rrwtz2a4k0zsNazS0T9g,Matthew K.,"Fantastic food and excellent cocktails. We ordered the Beet salad, octopus, KFC and hanger steak. All of the dishes were top notch and I was impressed by...",5,1/27/2024 10:03,"84 Stanton St, New York, NY 10002"
fNKYBpQJivICm0ORb3nb_Q,Modern,BFItYEsR2MhkpIrO9x7OCw,Jonny S.,"Service was very inattentive and had to get up several times to flag a waiter when we needed something (after waiting 10min or so).

Food was mediocre at...",1,03-02-2024 19:33,"84 Stanton St, New York, NY 10002"
fNKYBpQJivICm0ORb3nb_Q,Modern,YQLB-J-w4AXM7qjTAiNSfg,Amy F.,"Ambience was intimate. However, some may find it dark and loud. 
I appreciated that they cared about customer service. We were disappointed that we had to...",4,2/14/2024 21:51,"84 Stanton St, New York, NY 10002"
9I8mZXCkGZBmFh5fYOYorw,Em Vietnamese Bistro,MMgdhI98OwqxegvHQWhbNg,Belmin F.,We ended up here after ice skating under the Brooklyn Bridge. The clams and muscles were great but the pork belly is def a must have. Oh and the lychee...,5,1/14/2024 16:03,"57 Front St, Brooklyn, NY 11201"
9I8mZXCkGZBmFh5fYOYorw,Em Vietnamese Bistro,j4V_lCCVzmHrM7jp19rNdg,Svida A.,"A super legit vietnamese restaurant with great cocktails!  I love their phos,  the broth is so good and the beef, always order for extra because it is good...",5,1/20/2024 18:18,"57 Front St, Brooklyn, NY 11201"
9I8mZXCkGZBmFh5fYOYorw,Em Vietnamese Bistro,81JXSI0s2jRoWMvaBEGN8Q,Bonnie G.,"Soothing, zen atmosphere with incredible chicken wings, watermelon cooler slushie, and beef pho. Can't wait to come back and have all of this again, plus...",5,03-02-2024 20:42,"57 Front St, Brooklyn, NY 11201"
LpVbI-E9C-CSp7WhU5h2Iw,Fishmarket Restaurant,a7JZfzQEiWnk_l6ANCfw4g,Marie A.,"If you can find your way into this spot, it's so warm and welcoming.  Everyone seems to know everyone and the hospitality couldn't have been better.  It's a...",5,1/19/2024 8:51,"111 South St, New York, NY 10038"
LpVbI-E9C-CSp7WhU5h2Iw,Fishmarket Restaurant,BNTsiIS707CRrLbdSwbjrQ,Sofyan S.,Food (5/5): Wow the food is absolutely amazing and delicious. Truly a hole in the wall type of place with really great dishes and food. I ordered the beef...,4,12-09-2023 07:36,"111 South St, New York, NY 10038"
LpVbI-E9C-CSp7WhU5h2Iw,Fishmarket Restaurant,aRIMyDotZxh22sXynTEi6g,Yirel M.,"This is the epitome of a local dive bar. 
Hard to find, if you can open the door you're lucky. 

Strong drinks. Good pricing for the area.",3,12-05-2023 15:57,"111 South St, New York, NY 10038"
#NAME?,Cecconi's Dumbo,RvfURafbvpkdvU24AcYSJA,Heidi C.,This is a lovely restaurant along the East River with an amazing view of the Manhattan Bridge. The interiors are comfortable and lovely. The food is best...,5,1/18/2024 7:35,"55 Water St, Brooklyn, NY 11201"
#NAME?,Cecconi's Dumbo,p5-7WBMSkNHvJKaVvX9CtQ,Joel S.,"Came here on a Friday night with friends. I had been here a few times before and had a good experience, but this time was different. 

The first thing I...",2,2/19/2024 14:30,"55 Water St, Brooklyn, NY 11201"
#NAME?,Cecconi's Dumbo,kQ5PGtuy-O7Liv3m_yiLZg,Vivian F.,Cecconi's is a moody restaurant perfect for dates or intimate dinners where you want to catch up with friends. Although the wine menu is on the pricier...,4,12/20/2023 23:10,"55 Water St, Brooklyn, NY 11201"
pZWhRtCJvTuwWoavaiCQrA,C as in Charlie,Tn_gMBZcoJLiwOX8ciqFPQ,Jason W.,"Great restaurant in Noho for when you want to have a fun night out, but also want some good food before hand. C as in Charlie is a small restaurant that...",5,03-04-2024 09:54,"5 Bleecker St, New York, NY 10012"
pZWhRtCJvTuwWoavaiCQrA,C as in Charlie,K2BLP6UwMaBgaypVuunUqg,Morgan H.,"Came here on a Friday with Reservations for two people at 10PM, and the place was full. Me and my boyfriend arrived a little before our reservations but our...",5,2/24/2024 10:59,"5 Bleecker St, New York, NY 10012"
pZWhRtCJvTuwWoavaiCQrA,C as in Charlie,FGJ8aJR8uJ9YHfLUKdVYPQ,Bonnie F.,"Very cute restaurant in the lower east side. Loved the service here. They welcomed us with free sake and talked us through the menu. We ordered
-...",5,2/20/2024 17:43,"5 Bleecker St, New York, NY 10012"
hSpZSqElyjHTfE4lQJ97Cg,Mareluna,IxMrERcmqpQAsvO8v3iJyQ,Kathy M.,"5 stars for their pasta dishes, ambience, and service.
Our family of 6 came here for dinner and because of a gps mix up, we ended up 20 minutes late for our...",5,03-02-2024 17:21,"137 Sullivan St, New York, NY 10012"
hSpZSqElyjHTfE4lQJ97Cg,Mareluna,PHFGsgji99F0tED9PF-NYQ,Brianna B.,"3.5 stars if I could be more exact, but I'll be a good sport and bump it up to 4.
To drink, I started with the Mareluna Bellini, and here is where I dock...",4,02-01-2024 05:09,"137 Sullivan St, New York, NY 10012"
hSpZSqElyjHTfE4lQJ97Cg,Mareluna,L9aGnJwTd-yyLeUjx4KqrA,Fawn G.,It's Restaurant Week in NYC folks! and it's one  of my favorite weeks of the year! Why? Easy! I get to try restaurants at a great price and if all goes well...,4,1/29/2024 19:13,"137 Sullivan St, New York, NY 10012"
X8ZS-dgiMIJvhwf9SaDnjw,Wah Fung No 1,veUTICRrGPyiLB0NxfYeIQ,Mike Z.,So glad places like Wah Fung No 1 exists to tell inflation to 'eff off. It's the deal of the century and you cannot find a better value anywhere. The prices...,5,03-03-2024 14:46,"79 Chrystie St, New York, NY 10002"
X8ZS-dgiMIJvhwf9SaDnjw,Wah Fung No 1,G7YK3zoJRCl4CGCnmJPVoQ,Michael S.,"This Chinese bbq spot was recently featured on Hypebeast and I will say it's worth the hype. Located deep in china town, you will discover authentic Chinese...",4,2/23/2024 11:42,"79 Chrystie St, New York, NY 10002"
X8ZS-dgiMIJvhwf9SaDnjw,Wah Fung No 1,TNF5YrWR5r1RbjZhLHvfXw,Raine S.,About $5 only? This place hit the spot! I love Roast duck a lot and to get a pretty decent 1 person serving was amazing! Definitely a good spot for a quick...,5,2/21/2024 22:54,"79 Chrystie St, New York, NY 10002"
WUc3CA6S8OjH3kiqv3eFOA,Sobak,BIne-VjqdNH9oFVtV1YKWA,Judy C.,"I'm so glad I happened to passed by this hole in the wall today. It's a small shop with a limited menu, which perhaps is why their bowls taste so good! I...",5,02-10-2024 13:02,"51B Canal St, New York, NY 10002"
WUc3CA6S8OjH3kiqv3eFOA,Sobak,C-UwwTElR3yg9yMJ2uUZyg,Carmen L.,This place been on my to-go-to list for a while and decided to stop by to grab Kochujang Unagi Don to-go. The eel was torched to perfection. Cabbage with...,5,1/13/2024 19:58,"51B Canal St, New York, NY 10002"
WUc3CA6S8OjH3kiqv3eFOA,Sobak,oXAQKYDtWTuv35RupQMVMQ,Jonathan N.,"Funky little spot. Best Korean meal I've had in NYC for a while. I had the Sobak Bowl and it was wonderful. Nice music, design, and vibe.",5,01-11-2024 12:34,"51B Canal St, New York, NY 10002"
XRjeE9yFANgsG12FWUOoXg,Gair,dVzTo0cuRniwE_rb_Nrfaw,Theressa W.,The design and feel of this restaurant is welcoming and chic. After a day of shopping in Dumbo my friend and I decided to pop on and have a burger. The...,5,9/17/2023 17:23,"41 Washington St, Brooklyn, NY 11201"
ePJlqiIhoVKIJW69IE53rg,Botte Brooklyn,UVgO78zMXVYZkuj0fMV-2w,Ava D.,The food was absolutely impeccable and came very quick. The salad didn't come out before the mains so the manager gave us gelato and orangcello shots on the...,5,9/23/2023 19:04,"327 Gold St, Brooklyn, NY 11201"
ePJlqiIhoVKIJW69IE53rg,Botte Brooklyn,H3UlouUVclZjreGG_FwetA,Danny W.,"Visited Botte Brooklyn with a friend of mine during a weekend trip during my first time to New York, and I can say that I really enjoyed myself! It was...",4,2/20/2024 17:33,"327 Gold St, Brooklyn, NY 11201"
ePJlqiIhoVKIJW69IE53rg,Botte Brooklyn,APw6h_gJfopfhHrWLIEsnA,Jonathan U.,"I really like the ambiance of this place. Servers were great and quick to take our order as well which made our dinner finish in a timely fashion.

On to...",4,02-10-2024 16:02,"327 Gold St, Brooklyn, NY 11201"
HrdIdeDZBTUdyEdSTPG1zg,Jack's Wife Freda,t-OxjqDP_rPFfKV8XzrSCw,Barbara C.,"Giving 3.5 stars.

The location and space was very cute - Good lighting, comfortable seating, coat rack, decorations, and good Jack's Wife Freda branding....",4,1/14/2024 12:24,"50 Carmine St, New York, NY 10014"
HrdIdeDZBTUdyEdSTPG1zg,Jack's Wife Freda,HCNNeyu5twzwp_YnZ0ALyg,Reema P.,"Two stars for the wonderful service because I think I'd give it a one star for the food. The food was pretty bland and was giving nothing, I ordered the...",2,1/13/2024 18:42,"50 Carmine St, New York, NY 10014"
HrdIdeDZBTUdyEdSTPG1zg,Jack's Wife Freda,xH7WsZbC799TY0I_XF6Ctw,Enrique G.,"Ok Ok, I know these restaurants are very popular, and there'sthere's a lot of fuzz about them, but the way I see it they're good to sit and have a coffee...",1,09-02-2023 12:47,"50 Carmine St, New York, NY 10014"
AA9wpuJRhkSHUePAiv3otA,The Leroy House,lCPqgJs-WjFW4H2X4cBhlQ,Shawn J.,"Unpleasantly surprised given a lot of positive reviews...
-the restaurant had plenty of Resy availability and a fairly empty main dining room, yet they...",2,1/21/2024 6:59,"430 Hudson St, New York, NY 10014"
AA9wpuJRhkSHUePAiv3otA,The Leroy House,HkxMq8bypevAi1j5E6o_Mw,LaToya K.,Loved this place. We made a Resy the day on a Thursday night for a party of 2 with no issues. It was packed and there were only 2 seats at the bar so I took...,5,12-10-2023 06:03,"430 Hudson St, New York, NY 10014"
AA9wpuJRhkSHUePAiv3otA,The Leroy House,0UmMpzEVvF4Uz6jpilspOA,Kim X.,It's always hard to find reservations for a group of 5 so it was fortuitous that there were so many options at the Leroy House. It serves a New American...,4,11/16/2023 5:09,"430 Hudson St, New York, NY 10014"
7bpZZUpEclhn29wWVqFsKA,Lucky Rabbit Noodles,OGXvDTpkvF3Ex3seahuDoA,Caroline D.,"Stumbled in when I was in the area & craving dumplings and wow! This place didn't disappoint. 

I asked what the most popular dumplings & noodles were and...",5,2/29/2024 19:39,"71-28 Roosevelt Ave, Jackson Heights, NY 11372"
7bpZZUpEclhn29wWVqFsKA,Lucky Rabbit Noodles,lWzRLF5wsp06F-GoHek6Qg,Eugene C.,"I came here recently on a rainy Sunday night to order some takeout after hearing about the place from a friend on social media, in particular, their matza...",4,02-02-2024 14:04,"71-28 Roosevelt Ave, Jackson Heights, NY 11372"
7bpZZUpEclhn29wWVqFsKA,Lucky Rabbit Noodles,pPp4-WYJf8sQcz4YU2XEFQ,Rachel L.,"A tiny place that seats a little under 10 people, Lucky Rabbit is a bustling pop of color and energy behind an unassuming door. Be ready for a crowded and...",4,01-06-2024 13:18,"71-28 Roosevelt Ave, Jackson Heights, NY 11372"
8SehQovJOuQDLbtzLLYLyw,RH Rooftop Restaurant New York,shqtag7_5vYLt9Txp_eoAw,Melissa G.,"This is a great spot. The atmosphere is very pretty, there are beautiful chandeliers hanging everywhere. The food is very good, and so is the service.

I...",5,03-03-2024 11:54,"9 9th Ave, New York, NY 10014"
8SehQovJOuQDLbtzLLYLyw,RH Rooftop Restaurant New York,Lx1bCkaFi-mVM_jwzXVsSQ,Pratima M.,A beautiful rooftop restaurant tucked into the heart of the Meatpacking District (and inside of a luxury furniture store) -- the ambiance was so nice and...,4,03-04-2024 08:21,"9 9th Ave, New York, NY 10014"
8SehQovJOuQDLbtzLLYLyw,RH Rooftop Restaurant New York,OZdjBN9n_WluxSMSvgR4Kw,Jessica P.,Came here during the week for dinner with a reservation. Our waitress was very sweet and attentive! The one thing I enjoyed was you are able to order your...,3,2/21/2024 10:16,"9 9th Ave, New York, NY 10014"
Qi7pmy2BuR5Oz2ouXa2u4A,The Frenchman's Dough,cwMJkTzBJcfqhs2ldIxx0A,Seby I.,"Late August, i went to have pizza at The Frenchman's Dough. Located on the second floor of the Tin Building, I was keen on trying yet another restaurant in...",5,11-09-2023 18:06,"96 South St, New York, NY 10038"
Qi7pmy2BuR5Oz2ouXa2u4A,The Frenchman's Dough,ux3XPw9GRSrniG5wLGCm7Q,Dong K.,"just don't.

host asked how many and said the table is getting ready then walks away for like 5mins.  felt abandoned.  another person checked in with us but...",2,1/21/2024 8:03,"96 South St, New York, NY 10038"
Qi7pmy2BuR5Oz2ouXa2u4A,The Frenchman's Dough,Z9nS1rp7w5u5krz4ZNEsTg,Carin R.,"We were a large group and ordered one of each pizza.  It was a great way to try all of them.  The lemon one was by far my favorite.

The staff was great,...",4,1/17/2024 13:54,"96 South St, New York, NY 10038"
Rj2ACaJcbroJLPDhRhzvBw,Shuka,mfeOfGs2hdfVX0GsAUFMoQ,Joel S.,"I am in LOVE. 

Was able to grab a late dinner reservation here on a Saturday night. 
When you enter the ambiance immediately is cozy with intimate...",5,03-02-2024 21:40,"38 MacDougal St, New York, NY 10012"
Rj2ACaJcbroJLPDhRhzvBw,Shuka,es67Qw6Jzo4uarpRMK5UTQ,Mrinalini K.,"We went out to Shuka for a date night on a Friday. 
We're just walked in and were able to snag a seat at the bar. 
Our food came out so quick and everything...",5,2/18/2024 21:06,"38 MacDougal St, New York, NY 10012"
Rj2ACaJcbroJLPDhRhzvBw,Shuka,m0WGJSHVlgkddCQz9mBmrA,Connie G.,"We got brunch on a weekend morning, it wasn't too busy during opening time. We shared the Spinach Manousheh, Squash Bessara (dip with pita), and the Shuka...",2,2/13/2024 19:40,"38 MacDougal St, New York, NY 10012"
owYYuyLvlsdjLz68c3SSfg,Taboonette,uqxQ7bSueqluAoQ8DqnyZQ,John K.,"LOVE THIS PLACE!

Just like being in israel  

Staff is wonderful. 

Would definitely recommend.",5,1/17/2024 12:27,"30 E 13th St, New York, NY 10003"
owYYuyLvlsdjLz68c3SSfg,Taboonette,0rA62kR1FWfWFFmK34vDyw,Kay. K.,I stopped by there because of the name catch and at the bottom it's food say food pocket so you know when someone says food pocket that means Grab a seat...,4,12-02-2023 20:56,"30 E 13th St, New York, NY 10003"
owYYuyLvlsdjLz68c3SSfg,Taboonette,TyF8y87KbZ6yHilOwH8Pqg,Wei H.,"Got the pulled pork with yellow rice for lunch. Not bad. Pork has good flavor. Quick service. Staff is very nice. 

Seats and tables inside. Clean and good...",5,12-01-2023 11:18,"30 E 13th St, New York, NY 10003"
E_Rxnmim6J2ECFtU0QGlsQ,Uncle Lou 快樂人,VTKAUwqp-WM3GNpJ1w5d7Q,Tansy W.,Holy cow. This has to be one of the best Cantonese spots in the city. Absolutely must order the garlic chicken - the meat was juicy and tender while the...,5,2/24/2024 13:28,"73 Mulberry St, New York, NY 10013"
E_Rxnmim6J2ECFtU0QGlsQ,Uncle Lou 快樂人,z68tYITrm3rp4ukaRhd72Q,Alison C.,"4.5 stars

I had been hearing endless praise about Uncle Lou from a friend, so I was excited to finally check it out with him the other day.  When we...",4,03-01-2024 14:49,"73 Mulberry St, New York, NY 10013"
E_Rxnmim6J2ECFtU0QGlsQ,Uncle Lou 快樂人,ThyBtZReE4gtFwesVz_F_A,Jando S.,"Opening during the pandemic is no easy feat, but I credit Uncle Lou for creating buzz during a time when things were looking bleak for the neighborhood....",4,2/28/2024 23:58,"73 Mulberry St, New York, NY 10013"
XgiG7K7ubHsj2JJ-c2sXnw,Thai Diner,2kf1HMSueSGe3HmRCAfdvA,David T.,"Great example of Asian fusion (specifically Thai) done well. Like any classic Thai place in the city, Thai Diner has exceptional food - done well while...",5,03-03-2024 15:10,"186 Mott St, New York, NY 10012"
XgiG7K7ubHsj2JJ-c2sXnw,Thai Diner,KtHaxOA6BIMc3JQ5WjMyUA,Anthony P.,"Came here twice already it's so good. As someone who loves Thai food and is a stickler for authenticity, I raised an eyebrow when I didn't see too many Thai...",5,03-03-2024 10:45,"186 Mott St, New York, NY 10012"
XgiG7K7ubHsj2JJ-c2sXnw,Thai Diner,CZU4dY83rpSX3lnE4IReCQ,Amy W.,"Came to Thai Diner for Saturday brunch with some friends! I have tried three times (unsuccessfully) to book a reservation for this brunch, and we decided to...",4,2/24/2024 16:52,"186 Mott St, New York, NY 10012"
sStsNz4BHQUcqpufL_RzUQ,Theodora,8eTY4xDDCpl8MmSOFlXxFA,Barbara S.,"Tonight I enjoyed one of my very fav dinners, EVER! delicious meal prepared by phenomenol chef Tomer Blechem and staff,/great menu, beautiful decor filled...",5,2/14/2024 19:08,"7 Greene Ave, Brooklyn, NY 11238"
sStsNz4BHQUcqpufL_RzUQ,Theodora,9x1hhCm5cLwX2nWoLgEVxA,Helena W.,"Brand new but already excellent. Get in before you can't. 

Musts - Broccolli (we licked the plate) & Branzino (we cleaned the bones).

Also enjoyed the...",5,02-09-2024 17:39,"7 Greene Ave, Brooklyn, NY 11238"
sStsNz4BHQUcqpufL_RzUQ,Theodora,eX5I91Uwae55PmghPpQGtw,Kristi W.,New spot and worth the hype! Typical beautiful Brooklyn ambiance. The interior is welcoming and sexy. They are doing many things right. There's a large bar...,4,2/27/2024 3:09,"7 Greene Ave, Brooklyn, NY 11238"
FTgaIRluLuqHcJ_bA_Pudw,Odd Sister,Wbbh7Q69DLYHTKI0NvWlGQ,Paige J.,"This restaurant has only been open a few months so we were lucky enough to get a reservation. Boy were we impressed!

Christian was very patient and...",5,1/25/2024 16:16,"45 Mercer St, New York, NY 10013"
FTgaIRluLuqHcJ_bA_Pudw,Odd Sister,4C9wonWDkG7K18fEsH0XPA,Chloe K.,"Didn't expect food to be so good!!!

The Roasted Beet Salad was so refreshing and delicious. The Fried Chicken Sandwich was literally perfect. The sesame...",4,03-04-2024 21:52,"45 Mercer St, New York, NY 10013"
FTgaIRluLuqHcJ_bA_Pudw,Odd Sister,wBzY5TnZCxDh0cWG3eOj2w,Ellie C.,"my boyfriend, sister and I were looking for a quick bite on a sunday afternoon! We were seated immediately but it took the servers around 30 minutes to take...",2,03-04-2024 14:26,"45 Mercer St, New York, NY 10013"
fMf4P22m65creknIICuaXA,Kuun,DHI3ujwt5BDrA8zu5vHyHw,Julia B.,"Oh my God, I love this place. A perfect hideaway for an afternoon lunch. It's gorgeously elegant inside. Don't forget to visit the bathroom also quite...",5,1/27/2024 0:10,"290 Livingston St, Brooklyn, NY 11217"
fMf4P22m65creknIICuaXA,Kuun,FJT_hrNHSA9o_MxxvqtrgQ,Ashlyn K.,"My friend and I decided to come to Kuun around 1:30pm on a Tuesday. You can make reservations online, but they were not necessary, as there were only two...",3,2/28/2024 19:56,"290 Livingston St, Brooklyn, NY 11217"
fMf4P22m65creknIICuaXA,Kuun,1DsZJ8DjW8Ot0ouXqPkemg,Carrie C.,"Found this place through UberEats and I have been really enjoying their food.  Some of my favorites are the

- Japchae *nice smoky flavor 
- Soy Garlic...",4,2/17/2024 15:31,"290 Livingston St, Brooklyn, NY 11217"
lEH8EUPX3Zn_trHauIycYw,Aoi Kitchen,pn475RblhJeeOzz4kReBFQ,Mia M.,"Aoi has great Japanese food, a cute atmosphere, and fair prices. They were recently recognized by the Michelin guide and I can see why!

I came here with...",5,03-03-2024 08:57,"320 E 6th St, New York, NY 10003"
lEH8EUPX3Zn_trHauIycYw,Aoi Kitchen,tKyT3FSRKnut8DC093ad6A,Lucy K.,"Made a reservation with a few people on a weeknight for dinner. There were a few tables left, and the servers were all friendly. It's a tight, clean...",4,02-07-2024 19:24,"320 E 6th St, New York, NY 10003"
lEH8EUPX3Zn_trHauIycYw,Aoi Kitchen,_seTxwAMhTePTcDkvJiQSA,Wen Na Z.,"Aoi Kitchen is such a gem! If you can, I recommend making a RESY to ensure you have a table, especially on the weekend. We unfortunately did not, but were...",5,02-03-2024 19:18,"320 E 6th St, New York, NY 10003"
OQbccovdHgjenH-sJIbFPw,Clover Hill,XoRfSRUyH3AvaGNfgQl22g,Makel D.,"Dined here for my birthday in November and was one of the most memorable dinners I've ever had! 

I was intrigued to try this place and thrilled to meet the...",5,12-02-2023 07:20,"20 Columbia Pl, Brooklyn, NY 11201"
OQbccovdHgjenH-sJIbFPw,Clover Hill,n2EyWJA_OCOahJRDik7BfQ,Priscilla F.,"I came here with my fiancée during the week for his birthday and this place is worth the hype! The atmosphere is top notch: warm, welcoming and intimate....",5,11-03-2023 19:38,"20 Columbia Pl, Brooklyn, NY 11201"
OQbccovdHgjenH-sJIbFPw,Clover Hill,0qNjozXHRwcQAxcp4WI-tQ,Jennifer B.,"Before typing, I was struggling to decide on ""excellent,"" ""outstanding"" or ""amazing.""

I took Husband here for his birthday last night, and it was...",5,10/29/2023 19:05,"20 Columbia Pl, Brooklyn, NY 11201"
Orbsfc3nI21mQ8cwSPahhg,The Four Horsemen,C99L6LwS4EsBr5kMWagLig,Bo B.,I couldn't get reservations so I just walked in and was able to get a spot. The food was delicious and wonderfully plated. Service was great too - food came...,5,2/19/2024 11:05,"295 Grand St, Brooklyn, NY 11211"
Orbsfc3nI21mQ8cwSPahhg,The Four Horsemen,QEeHogk_BCEelhzDJN-j2w,Courtney G.,Securing a last-minute 10 pm reservation at Four Horsemen on a random weeknight was a rare and exciting find. The hype surrounding the place had us eagerly...,5,2/17/2024 17:57,"295 Grand St, Brooklyn, NY 11211"
Orbsfc3nI21mQ8cwSPahhg,The Four Horsemen,wJmScnJmkBUn2TVoZdlNxQ,Eric C.,"There is a lot to like here, including the room (nicely sound deadened), the friendly staff and the meal experience, but there's just enough to keep this...",4,2/16/2024 6:39,"295 Grand St, Brooklyn, NY 11211"
AIKjw2QLvVNdha3TciJYzg,Boqueria Soho,lFUt1-HK-qffMW3Mva55lA,Albert A.,"Everything about our meal here was excellent. The service was top notch and our waiters were very attentive and informative, while maintaining just the...",5,01-05-2024 17:16,"171 Spring St, New York, NY 10012"
AIKjw2QLvVNdha3TciJYzg,Boqueria Soho,MMgdhI98OwqxegvHQWhbNg,Barney C.,"tl;dr: pretty solid place if you're in the mood for some tapas

Food: 9/10
The tapas were pretty decent. We did the Boqueria experience which was a healthy...",4,02-08-2024 10:32,"171 Spring St, New York, NY 10012"
AIKjw2QLvVNdha3TciJYzg,Boqueria Soho,mqafZVu5odv89fQZRp8LMw,Kate C.,"I'm a huge fan of Boqueria and have even hosted my birthday here last year. Unfortunately, I felt quite miffed from my experience here last night. See below...",3,1/18/2024 10:29,"171 Spring St, New York, NY 10012"
MphfKkYFEe0BDQ6hZ0A5fA,Gelso & Grand,1MRzlgA3ZRw2Nj6hffje4g,Richa T.,"Pros:
+ Quaint restaurant in Little Italy
+ Great Service
+ Friendly staff
+ Amazing cocktails - cucumber smash was amazing
+ Delicious pizza - thin crust...",5,1/13/2024 13:27,"186 Grand St, New York, NY 10013"
MphfKkYFEe0BDQ6hZ0A5fA,Gelso & Grand,hBj8t1ruqCoSFLfvadFDsQ,Micah G.,"I rarely ever leave a 1 star review anywhere, but I feel it's important to share what a horrible experience we had here so that the restaurant can possibly...",1,1/23/2024 13:24,"186 Grand St, New York, NY 10013"
MphfKkYFEe0BDQ6hZ0A5fA,Gelso & Grand,PRGI344_B7P0Zu7qb-6Nhw,Masaraat A.,Came for a Friday afternoon lunch with my brother so we only ordered food (no drinks). We ordered the calamari and a margarita pizza and we chose to add...,4,1/18/2024 9:40,"186 Grand St, New York, NY 10013"
9fG8-RRh1rzuCKN2TmF-QQ,5ive Spice,PuGko58JY6bVrm1CEEi9xw,Josh O.,"Always stop by whenever I'm in NY. Delicious food, good energy. Incredible service. Ambience was chill and nice.",5,1/26/2024 16:46,"227 Mulberry St, New York, NY 10012"
9fG8-RRh1rzuCKN2TmF-QQ,5ive Spice,4ylsP-LkXO0NO6_2RtqYrg,Fawn G.,""" When the dog bites, when the bee stings..""
When the wind cuts you in half.. what do you do?
What do you eat? Pho!!!!!! But of course!
I walked on a very...",5,2/29/2024 16:27,"227 Mulberry St, New York, NY 10012"
9fG8-RRh1rzuCKN2TmF-QQ,5ive Spice,ipOFj_EBFAbK-gHATFuH5A,Steph W.,Ambiance (4/5): The restaurant is nice and spacious! The back dining area was blocked off on a weeknight. The bathroom has a hidden door disguised as the...,4,03-01-2024 19:21,"227 Mulberry St, New York, NY 10012"
8Oo2AtQEPDfxIOnA8wfXoQ,Ru 886,Uhkkejd6DtSlW7aDQypTAg,Amy H.,"Quality/taste: We ordered the popcorn chicken, plain scallion pancake, fried rice, and the black pepper beef with the lychee soju. Everything was fresh and...",5,2/19/2024 21:09,"26 Saint Marks Pl, New York, NY 10003"
8Oo2AtQEPDfxIOnA8wfXoQ,Ru 886,MFg8gdA8eMp4dWAZhrEofw,Dillon G.,"The homies and I love 886! A warm and energetic spot specializing in classic chinese/tawainese small plates. 

We ordered the Beef Noodle Soup, Honey Glazed...",4,02-03-2024 15:07,"26 Saint Marks Pl, New York, NY 10003"
8Oo2AtQEPDfxIOnA8wfXoQ,Ru 886,afIRDL1Tjqsr9Q5z8VIVhg,Julia L.,"The tofu skin and veggies are very good here, nice garlic in the stir-fry. Beef noodle soup (ordered without extra meat) came with 3 thick pieces of beef...",5,1/27/2024 16:46,"26 Saint Marks Pl, New York, NY 10003"
kDJbzzmCEjFbyDQ-lSygvw,Fresh Salt,svDJokNyNVEbXjMLWJns9A,Gajtana S.,"Was looking for somewhere with outdoor seating for a bite and a drink. After viewing several restaurants that didn't grab my attention, I came across Fresh...",4,06-11-2022 19:20,"145 W 53rd St, New York, NY 10019"
kDJbzzmCEjFbyDQ-lSygvw,Fresh Salt,KpgNaYRGgLGRSfrL22TR6A,Laura E.,I've come to this place several times for the Autumn Tippler. The drinks are decent and the vibe is casual. I've never had the food here but I wouldn't mind...,3,11/13/2022 12:58,"145 W 53rd St, New York, NY 10019"
kDJbzzmCEjFbyDQ-lSygvw,Fresh Salt,izjJdGDsRv-yp6iyPGn4uQ,Jenny Z.,"A vibey bar - small, dark, not too loud, intimate. Would be a cozy spot for dates. Drinks here are solid and reasonable. The space inside isn't big - only a...",5,1/22/2023 20:06,"145 W 53rd St, New York, NY 10019"
Z-QmxQZAJEy5GXqA82Bemw,Da Toscano,oS-tVpb9QMjbZhvMsy_J3w,Liz B.,Such a cute restaurant I sat at the counter with my mom and it was really fun to see the food being created in front of us! We started with the braised...,5,03-02-2024 14:03,"151 Front St, Dumbo, NY 11201"
Z-QmxQZAJEy5GXqA82Bemw,Da Toscano,qiUzRPCWGmB38V_itixp0g,Tiffany L.,"BEST pasta I've ever had in my life!! We constantly come back here any time we go to the city. Service is amazing, ambiance is cozy and inviting. Try to get...",5,02-10-2024 14:33,"151 Front St, Dumbo, NY 11201"
Z-QmxQZAJEy5GXqA82Bemw,Da Toscano,SGjaaGw2Bbo757JPfz5I7A,Laura M.,"Absolutely the very best homemade pasta I have ever had! The flavors were delicious the pasta noodles light and tender and beautifully presented.
I was...",5,02-05-2024 05:57,"151 Front St, Dumbo, NY 11201"
Pcpcv2T9OJiYXAeFr-026w,Reyna New York,lie4zZQeUAbyizjaLFR3ng,David V.,Imagine someone decided to curate the most perfect cast for a television show and put them to work in one of the coolest vibiest restaurants union square...,5,1/27/2024 15:01,"71 Pineapple St, Brooklyn, NY 11201"
Pcpcv2T9OJiYXAeFr-026w,Reyna New York,Ka0yCfz3b-XYtMmpRg9JjA,Nadia A.,Me and a close friend decided on Reyna for restaurant week and sure was not disappointed. I was seated nicely while I waited for my friend and they do...,5,02-08-2024 03:40,"71 Pineapple St, Brooklyn, NY 11201"
Pcpcv2T9OJiYXAeFr-026w,Reyna New York,UB3eNZ8KiOQPLWnJhQskrg,Ruina Z.,"Atmosphere:
- Surprisingly empty on a rainy weekend morning, offering a private dining experience initially.
- Decor is stunning, with chic pink tones...",4,03-04-2024 10:24,"71 Pineapple St, Brooklyn, NY 11201"
4XX-zF8h5Lvrr22_tqU6-Q,The River Café,prMRjQ6qv3sqCA495E-WTw,Shanshan J.,My second time here solidified the Mediterranean Sea bass in a shrimp crust as my fav dish in the burrow. Rivaled only by the sea bass at cafe Boulud in the...,5,11/23/2023 18:03,"70 Forsyth St, New York, NY 10002"
4XX-zF8h5Lvrr22_tqU6-Q,The River Café,Y48c1Akx6XaWrJmJzUL61w,MengYao L.,Came for my 5 year anniversary with my boyfriend. We had an awesome time. We used the valet parking and just had to drive up to the front. As soon as we...,5,11-12-2023 13:59,"70 Forsyth St, New York, NY 10002"
4XX-zF8h5Lvrr22_tqU6-Q,The River Café,Y4eX-58h99A5gHUyvhQevw,Elizabeth S.,"Only adding an update to include photos. We finally returned, years after our last visit, and our dining experience was even better than our last. Do they...",5,9/23/2023 11:21,"70 Forsyth St, New York, NY 10002"
iI9p9P8SvfZGXvlP4qDx1w,Layla,smbo_qyUAI8-G3v_QKxK1g,Leemor Y.,"A solid 4, but if we want to get technical, the food was 4+ and the drink was a 3. 

We came on a Saturday night around 7 pm (2 people) and had to wait...",4,02-03-2024 17:54,"818 Franklin Ave, Brooklyn, NY 11225"
iI9p9P8SvfZGXvlP4qDx1w,Layla,LGArEgw9KaQkVlsBojZBFQ,Larissa B.,"*more 4.5 stars

Had a good time checking out Layla for the first time. Cut, cozy place with a small menu with rotating or seasonal items, which I...",5,02-03-2024 07:36,"818 Franklin Ave, Brooklyn, NY 11225"
iI9p9P8SvfZGXvlP4qDx1w,Layla,SCmmsJa-W5rbtZAmqSOdVQ,Gabriel T.,"3.5 stars.

I think Layla is smart and fun and festive. The cocktails are good, they are friendly, food is above average. But if I'm going to be paying...",4,12-10-2023 11:51,"818 Franklin Ave, Brooklyn, NY 11225"
iexl39DYyy_76Xq3ExaJkQ,Excuse My French,oqZI_F52KNhErFeOF6RnRQ,Felicity L.,"The place was tiny, there was like 2 or 3 tables and the rest was bar seats. Lots of the dish were tapas-style. We got several:
- Steak tartare: pretty...",4,11/21/2023 20:48,"66 S 2nd St, Brooklyn, NY 11249"
iexl39DYyy_76Xq3ExaJkQ,Excuse My French,OFv6BFiDJmFes5pgRQZkKg,Danny L.,Came here for dinner on a Saturday night and wasn't too busy. Cool lighting and music that wasn't too loud. Attentive and friendly service. Our table's...,5,9/18/2023 11:11,"66 S 2nd St, Brooklyn, NY 11249"
iexl39DYyy_76Xq3ExaJkQ,Excuse My French,OxDSFIAnI932A5HsvKNeQQ,Nadia A.,Me and best friend decided on excuse my French for our restaurant week dinner but unfortunately due to false advertisement on the NYC restaurant they were...,5,1/29/2024 9:25,"66 S 2nd St, Brooklyn, NY 11249"
f-m7-hyFzkf0HSEeQ2s-9A,Fog Harbor Fish House,SKejKH6BmHG8sL6fs9PeMg,Ash G.,"Very tasty and yummy food there, Seared scallops &Crab Risotto are highly recommend.
Nice service! :) Bongjoy !",5,12/26/2023 19:02,"174 2nd Ave, New York, NY 10003"
f-m7-hyFzkf0HSEeQ2s-9A,Fog Harbor Fish House,CEXyMdRJjSNgvCbgMnwovw,Beatrice C.,Our server Bong Jovi was great. Food was great and service was quick. The calamari was fresh and prepared to perfection,5,1/18/2024 20:45,"174 2nd Ave, New York, NY 10003"
f-m7-hyFzkf0HSEeQ2s-9A,Fog Harbor Fish House,DIorICI8hFbaCmtfc4IFtw,Erica C.,Bongjovi was an excellent server! He made us feel welcomed and appreciated his customer service!,5,1/13/2024 14:09,"174 2nd Ave, New York, NY 10003"
oT08T3Vpn1I7jDmrBBRMTw,House of Prime Rib,E2E13ccVOuEjuMni3lvQvA,Emma N.,The food here was amazing as well as the service. Everything was quick to come out and our waitress was nice. The overall vibe was also nice even if it was...,5,01-03-2024 18:41,"108 E 4th St, New York, NY 10003"
oT08T3Vpn1I7jDmrBBRMTw,House of Prime Rib,MMgdhI98OwqxegvHQWhbNg,Kat T.,"Delicious.  Everything, every single time.  If there's a wait, I like to get an apple martini and sit near the fireplace in the bar.  Insider tip:  They...",5,1/27/2024 11:25,"108 E 4th St, New York, NY 10003"
oT08T3Vpn1I7jDmrBBRMTw,House of Prime Rib,62Y1Pv-LzHcvWo_z21CpmA,Milo M.,Best steak in town. Don't miss out on this place. Take your significant other here and get good points lol. I treat myself every chance I can. The food is...,5,1/21/2024 13:43,"108 E 4th St, New York, NY 10003"
WavvLdfdP6g8aZTtbBQHTw,Gary Danko,4ZkClTiQJelvSrYEvA3fBA,Aaliyah R.,I recommend it if you want something special for your last day. The atmosphere is especially romantic. The portions are huge so 3 courses are enough. The...,5,01-05-2024 18:26,"133 Chrystie St, New York, NY 10002"
WavvLdfdP6g8aZTtbBQHTw,Gary Danko,wK0g6VzT3ni-qALqT8B8JA,Elisa C.,"Not all pictured

First time : tasting menu, boyfriend's birthday

Second time : 4 course meal, my birthday

The best espresso martini I've had, they're my...",5,1/26/2024 19:55,"133 Chrystie St, New York, NY 10002"
WavvLdfdP6g8aZTtbBQHTw,Gary Danko,Hwo-H8UOK6pJWSohCz8GlQ,Kevin R.,"This is a great restaurant by most standards, however, only 4 stars because I was disappointed from a Michelin star perspective. The staff was extremely...",4,1/28/2024 11:19,"133 Chrystie St, New York, NY 10002"
mSMZJj2pFvttWLpcDmgrEA,Tony's Pizza Napoletana,asrnEGz-iJDgWOGlCyxG0Q,Edwin V.,Best Pizza in City. A busy place but they still get you in and out fast. Family oriented.,5,1/22/2024 20:54,"109 St Marks Pl, New York, NY 10009"
mSMZJj2pFvttWLpcDmgrEA,Tony's Pizza Napoletana,K3jvK361yhSKWENFYP0mcQ,Andy E.,"A 45 minute wait to get in was expected and handled well with regular updates available. 
The menu is huge, lots of different styles of pizza. 
But is it...",3,01-02-2024 15:40,"109 St Marks Pl, New York, NY 10009"
mSMZJj2pFvttWLpcDmgrEA,Tony's Pizza Napoletana,SRAVrgZOEC3HLpYgid60Wg,Michael L.,First time traveling to San Francisco and I'm really glad I went to this place!! Service was pretty nice and friendly. Great atmosphere and food was...,4,01-02-2024 13:10,"109 St Marks Pl, New York, NY 10009"
n6L5VIGunR51-D55C-eYeQ,Foreign Cinema,WmgKsWj56EBcv5ZP7-tBqQ,Saida L.,The food was great and let's not talk about the service. If I could give this restaurant a higher review I would. The place was great overall.,5,1/20/2024 23:33,"4 Clinton St New York, NY 10002"
n6L5VIGunR51-D55C-eYeQ,Foreign Cinema,fr78zHGh8ZhYor8T01a3bQ,Maila M.,"**4.5 total but just rounded up

Read the Yelp reviews first and was a little worried bc of the mixed reviews, but ultimately decided to just order what had...",5,02-02-2024 09:26,"4 Clinton St New York, NY 10002"
n6L5VIGunR51-D55C-eYeQ,Foreign Cinema,CgUalq4s7jbau_fFricQ2Q,Shannon R.,"Take my review with a grain of salt, as I've only eaten here once. 
Everything I had was phenomenal. The oysters and wagyu steak were divine. Worth every...",5,1/26/2024 18:53,"4 Clinton St New York, NY 10002"
HHtpR0RslupSQ99GIIwW5A,Marufuku Ramen,0tioosVcSg94bggGXJB68A,Kaveh S.,Ramen was very well balanced and tasty. Staff are doing a great job taking care of the tables. It definitely worth the relatively short wait time. Will come...,5,01-03-2024 19:09,"202 Mott St New York, NY 10012"
HHtpR0RslupSQ99GIIwW5A,Marufuku Ramen,Q9ZY7mNUxa6WQ6d7EQ81iA,Andre W.,"Great ramen, but on the weekends the wait is long. One used to be able to sign into the wait list on yelp prior to arriving but no longer. You need to be...",4,12/29/2023 16:32,"202 Mott St New York, NY 10012"
HHtpR0RslupSQ99GIIwW5A,Marufuku Ramen,Yr-PXo8sg6PMKRS37ak9fQ,Rachel S.,"This is the kinda place you take the friends you wanna impress. I can't get over how yummy their creamy ramen is. 
Great drink & app menu. 
Tried the pork...",5,02-10-2024 16:44,"202 Mott St New York, NY 10012"
ttarnopezxmp2ROB1N2PaA,Nopa,7TFjz2WwFdXfndeMRqUJuw,Finlay P.,"I went to Nopa on a Saturday night at 8, with a group of 6. We sat outside, and although it was pretty cold the outdoor seating was cute with great lighting...",5,12/31/2023 10:18,"120 Saint Marks Pl New York, NY 10009"
ttarnopezxmp2ROB1N2PaA,Nopa,MuSCNcWmDXZguJ1brX6ZrQ,Elaine N.,"I went here in a Saturday around 9:04pm and there was no wait! I was actually surprised there was no wait for dinner that day.

We ordered the Rosy Thorn...",4,01-03-2024 19:57,"120 Saint Marks Pl New York, NY 10009"
ttarnopezxmp2ROB1N2PaA,Nopa,4qWXoz8f6NbjGM_aFlw8Cg,Benjamin Y.,"The Moroccan Spiced Fried Chicken with Chili Honey is a flavorful journey you won't want to miss. The chicken, infused with a blend of Moroccan spices,...",4,12/22/2023 15:05,"120 Saint Marks Pl New York, NY 10009"
KkAVX3Wb7E3lP5F_f_8pXg,Liholiho Yacht Club,V627lMYU9hzBHNIsniy55Q,Ceci F.,"Excellent food and great service as always! Disappointed that the bar is no longer for walk-ins, but I totally understand why. I was still seated quickly by...",5,1/24/2024 19:38,"40 Ave B New York, NY 10009"
KkAVX3Wb7E3lP5F_f_8pXg,Liholiho Yacht Club,7pQOvgHkydq8_JbL8WNiXw,Sylvia S.,"Soooo delicious! Food is amazing, portions are fair. A great experience all around. Love the variety and consistency. It's been a week so I forgot the exact...",5,02-07-2024 20:59,"40 Ave B New York, NY 10009"
KkAVX3Wb7E3lP5F_f_8pXg,Liholiho Yacht Club,T68WvcdCQd7ks9nzZonBow,Shania W.,"Liholiho Yacht Club had been on my list for such a long time, so I was so excited to finally try them out for my friend's birthday! The place was packed for...",5,02-05-2024 17:10,"40 Ave B New York, NY 10009"
uBaXDGwJPUkOSLWxS2vZ9Q,Lazy Bear,GNg_AjQp2BfjsD13akLR-g,Jen L.,This place is communal but came with large group so we took up most of the table. We started off with the foraged tea made of herbs and plants that was...,5,1/28/2024 22:53,"329 Van Brunt St Brooklyn, NY 11231"
uBaXDGwJPUkOSLWxS2vZ9Q,Lazy Bear,vQgWFwNbOLgPrK-P9PapAQ,Marie Q.,"My partner and I went to Lazy Bear for our second year anniversary. The moment we came in, we were greeted by the host. She promptly took us to our seats,...",5,1/16/2024 22:01,"329 Van Brunt St Brooklyn, NY 11231"
uBaXDGwJPUkOSLWxS2vZ9Q,Lazy Bear,4398CQJ-UUlXmhp3ezPj_w,Sarah A.,"TL;DR SO GOOD!!!

Went here in January 2020 for the first time and left thinking that I had a near perfect experience. But after returning in November 2023,...",5,01-10-2024 18:35,"329 Van Brunt St Brooklyn, NY 11231"
jqEpBbf_qNfWuz_GBkwCjw,Scoma's Restaurant,uFsNQ8T172bvRJRYKikdOA,Sherrie G.,"Our dining experience is so great we went back two days later! Food is as fresh as you can get from the pier to your plate, indeed! Valet is free and...",5,1/22/2024 19:29,"172 Orchard St New York, NY 10002"
jqEpBbf_qNfWuz_GBkwCjw,Scoma's Restaurant,KPHDinIQ0htuVHuUcces4A,Brandon R.,"Fantastic food, ambiance and service. The drinks were great and the incredible seafood compliments the entire experience.",5,12/24/2023 22:39,"172 Orchard St New York, NY 10002"
jqEpBbf_qNfWuz_GBkwCjw,Scoma's Restaurant,oW6Ieyoh7IxXU2GHAzxonQ,Thomas D.,"Every other month we get together with our ""Supper Club"". There are eight of us in the club ( four couples) and we rotate on where to have dinner with each...",5,02-05-2024 09:25,"172 Orchard St New York, NY 10002"
cbkbw0-QUwRZWV49JpDCWA,Wildseed,5BNFyqkvZUWnRL0wrnmCEA,Mairin B.,Not to give any praise to the marina but this place was amazing. We stumbled in after getting our eardrums blown out at blue light when we accidentally went...,5,02-09-2024 21:55,"115 Allen St New York, NY 10002"
cbkbw0-QUwRZWV49JpDCWA,Wildseed,Wukk2kytvWQrgliTCHO9Aw,Brianna B.,"Causal swanky vibes. Reservation required on a Friday eve
I'm primarily a plant-based eater and my bf took us here for our anniversary and I thought the...",4,02-10-2024 14:27,"115 Allen St New York, NY 10002"
cbkbw0-QUwRZWV49JpDCWA,Wildseed,Qyt-LcnXTwlVPHw_aQmk-Q,Abha S.,"Amazing atmosphere and delicious  food. If you're vegan vegetarian this is a must try in the Bay Area. 

Quick service. Lots of options. Excellent...",5,02-07-2024 21:48,"115 Allen St New York, NY 10002"
Xg-FyjVKAN70LO4u4Z1ozg,Hog Island Oyster,EubAhjTXYPashwcHJ_L8KQ,Jason Y.,"I popped into this restaurant on a weekday and snagged a table right away. While parking in the area can be pricey ($8/hour!), a quick 7-8 minute walk...",5,02-10-2024 15:47,"185 Atlantic Ave Brooklyn, NY 11201"
Xg-FyjVKAN70LO4u4Z1ozg,Hog Island Oyster,zMdV2WuuP_YSfAwwKYzd1w,JENNIFER S.,"The location is amazing with a view to the bay indoor outdoor seating-
Located in the Ferry Market. The market place was warm, lots of shops and food and...",3,02-04-2024 12:12,"185 Atlantic Ave Brooklyn, NY 11201"
Xg-FyjVKAN70LO4u4Z1ozg,Hog Island Oyster,xJ3Awb7_0d9j3vATXuSnfA,Wendy L.,"I don't eat oysters or most mollusks, but I always enjoy Hog Island. It's definitely best for those who like oysters as that's where they have the most...",5,1/25/2024 19:00,"185 Atlantic Ave Brooklyn, NY 11201"
kWrVV4mS-SLy-Ph_DeJSAg,Crab House at Pier 39,XL4UEQg7QM6buMMakrxmmg,Kimberly C.,"Loved the crab chowder, and the service was excellent. The restaurant is very clean&tidy.",5,1/13/2024 13:31,"22 1/2 Ninth Ave New York, NY 10014"
kWrVV4mS-SLy-Ph_DeJSAg,Crab House at Pier 39,vyLXMswick85yRmP4DXKnA,Connor L.,"My cousin and I came to town looking for some good seafood by the water and Crab House did not disappoint. 

The food was unique and delicious, everything...",4,02-10-2024 16:28,"22 1/2 Ninth Ave New York, NY 10014"
kWrVV4mS-SLy-Ph_DeJSAg,Crab House at Pier 39,mvbHyayYYJ918rAQja76-A,BeFree Y.,"My first experience was pleasant. But my second visit was not.
The crab fried rice was terrible today.
The first time I had the crab fried rice was yummy....",1,02-10-2024 16:33,"22 1/2 Ninth Ave New York, NY 10014"
8dUaybEPHsZMgr1iKgqgMQ,Sotto Mare,QbW6N22Rx00clQhlHkDCfw,Aileen M.,"Found this on spot on Yelp and decided to check it out. This was a solo meal and I wanted to try as much as I could, so I ended up ordering these:

Oysters:...",5,1/20/2024 17:38,"33 Main St Brooklyn, NY 11201"
8dUaybEPHsZMgr1iKgqgMQ,Sotto Mare,HQHfuR2_i0cvDKpLhcUYzA,Ahmed H.,"Came here about a month ago when it was raining.

Let me just start off by saying order a ride share because just like the rest of San Francisco forget...",3,02-10-2024 21:15,"33 Main St Brooklyn, NY 11201"
8dUaybEPHsZMgr1iKgqgMQ,Sotto Mare,eR-Fe6hqlchB35UyEbKmOA,Bre Q.,"We have been on a hunt for that ""perfectly"" seasoned steam mussels ever since our favorite spot at Little Italy in San Diego removed it from their menu, and...",4,1/29/2024 18:10,"33 Main St Brooklyn, NY 11201"
PsY5DMHxa5iNX_nX0T-qPA,Kokkari Estiatorio,7AwA1ZqLqUYGPsfrNiqo4g,rana  ..,The steak was amazing and the whole fish. The restaurant is too big for my liking and too busy. We had to wait 15 min even though we had a reservation,5,12/27/2023 13:39,"104 2nd Ave New York, NY 10003"
PsY5DMHxa5iNX_nX0T-qPA,Kokkari Estiatorio,PpHDyOHznWMwxcLojL-15w,Minia L.,"Walk into Kokari and experience the enchanting, romantic atmosphere with its cozy, dimly lit setting. It's a local favorite, always packed, and you can...",5,1/31/2024 13:35,"104 2nd Ave New York, NY 10003"
PsY5DMHxa5iNX_nX0T-qPA,Kokkari Estiatorio,7NwwVmwCHW7zXZCLzrefuQ,Won Y.,"Authentic and well presented 
Tasteful! Nice and quiet location. 
The surrounding environment is good for a quiet dining. Crowded with patrons during the lunch.",4,02-06-2024 18:28,"104 2nd Ave New York, NY 10003"
lJAGnYzku5zSaLnQ_T6_GQ,Brenda's French Soul Food,63Mlwbsh41Z4lJ-wQYb37A,Vickie B.,We are big fans of Brenda's Meat and 3 on Divis. I have tried and loved things there that I never thought I would eat.  Both Brendas have well deserved good...,5,1/17/2024 10:06,"497 Atlantic Ave Brooklyn, NY 11217"
lJAGnYzku5zSaLnQ_T6_GQ,Brenda's French Soul Food,iIErZGJP-59oRCBT3Sn5LQ,Lauren T.,My daughter chose this place for dinner and I was surprised that it was so busy. I am very picky about soul food since I grew up with it being home made....,3,02-04-2024 10:28,"497 Atlantic Ave Brooklyn, NY 11217"
lJAGnYzku5zSaLnQ_T6_GQ,Brenda's French Soul Food,9hAgayxMOrRcgAg_yYuX-Q,Helena G.,"really enjoyed the sausage and gravy
the gumbo, fried chicken, mac and cheese, were all right in my opinion nothing too special

could have done without the...",3,02-02-2024 21:25,"497 Atlantic Ave Brooklyn, NY 11217"
wGl_DyNxSv8KUtYgiuLhmA,Bi-Rite Creamery,gaF00SX9GyOd-YexZWXDug,Meghna S P.,One of the best ice cream and sorbet flavors are right here in San Fransisco. After reading the reviews we decided to try it. I am picky about ice creams so...,5,1/26/2024 7:58,"152 2nd Ave Ste A New York, NY 10003"
wGl_DyNxSv8KUtYgiuLhmA,Bi-Rite Creamery,XyvT55iOolFw8dKkT0FR_A,Jasmine R.,I forgot to take pictures of what I ordered but definitely still want to write a review! Hands down some of the best ice cream I ever had. This place is...,5,1/21/2024 11:08,"152 2nd Ave Ste A New York, NY 10003"
wGl_DyNxSv8KUtYgiuLhmA,Bi-Rite Creamery,6J4Xu2IaNoSw7VNhv_Vnew,Jonathan L.,"On a dark on stormy night (well I guess it wasn't actually dark or night time but it was a cold rainy day), we swung by because we happened to be in SF. 

I...",5,1/21/2024 9:53,"152 2nd Ave Ste A New York, NY 10003"
XQLmEdXoMzOpffwoFaBtaQ,Kitchen Story,rG9riWLm-OWuxEkXI1Ok6Q,Mona Y.,"This is a beautiful spot 
The food was delicious 
The ambience and service were on point.
Can't wait to come back and try something different.",5,02-10-2024 10:37,"22 Peck Slip New York, NY 10038"
XQLmEdXoMzOpffwoFaBtaQ,Kitchen Story,_XQbKS8iyM9sa1oUTF6Slg,Xinxin L.,"Food favorites: MASSIVE french toast, millionaire's bacon
Service: great considering how busy and chaotic it was
Vibes: loud, classic brunch",4,02-02-2024 10:53,"22 Peck Slip New York, NY 10038"
XQLmEdXoMzOpffwoFaBtaQ,Kitchen Story,3Gr2PIEEPhXCgPmHHKxJZA,Megan S.,"Orders: CALIFORNIA BURGER | MOM'S BENEDICT | FORT POINT TROPICAL IPA

I've loved this brunch spot for many years now! Such an awesome fusion of Asian &...",5,1/29/2024 11:58,"22 Peck Slip New York, NY 10038"
i09UMzccKgyLwGYKDVP28w,Surisan,TA-8pGsGEIzTtd2L73wXyw,Sahithee B.,"TLDR: Good Korean Food- nothing groundbreaking but nonetheless satisfying.

Our meal started with a poke mango salad. Considering mango is not currently in...",4,01-05-2024 00:13,"66 Hicks St Brooklyn, NY 11201"
i09UMzccKgyLwGYKDVP28w,Surisan,AYdyQlpN8wcY0BW0BkRX0Q,Jimmy A.,It's definitely a go-to brunch spot. Will not disappoint. Little on the pricier side. Do not skip on the french toast.,5,01-11-2024 11:17,"66 Hicks St Brooklyn, NY 11201"
i09UMzccKgyLwGYKDVP28w,Surisan,ctd_4BZ6rNmfCWXv_iBRbQ,Meeghan H.,"Surisan knows how to BRUNCH! Located near Ghirardelli Square, my friends and I celebrated her first half marathon at Surisan. Joining the waitlist on Yelp...",5,1/16/2024 17:09,"66 Hicks St Brooklyn, NY 11201"
Tttm1r5Dw1sRMCfc3EQWPw,Lin & Daughters,cs4SRyqsdb7xjMO1LJ9VmQ,Caroline C.,"We were transported to an evening in Europe on our night out at Boulevard! The lighting was low and warm without being dark, and the seating was close and...",5,12/28/2023 10:56,"181 West 4th St New York, NY 10014"
Tttm1r5Dw1sRMCfc3EQWPw,Lin & Daughters,j6RLbn4qy_1539wKxr_pig,Bolo B.,Lovely interior.,3,02-10-2024 09:31,"181 West 4th St New York, NY 10014"
Tttm1r5Dw1sRMCfc3EQWPw,Lin & Daughters,fpJcjTKgDURb_P5yH8LNLQ,Mark P.,"Get the pork dumplings,Be sure to get the bok chop as well...such a good compliment to the dumplings.  Don't forget to stop by Varsano's for some chocolates for dessert!",3,02-10-2024 08:29,"181 West 4th St New York, NY 10014"
